{
	"carName": "mclaren_720s_gt3",
	"basicSetup":
	{
		"tyres":
		{
			"tyreCompound": 0,
			"tyrePressure": [ 57, 67, 56, 63 ]
		},
		"alignment":
		{
			"camber": [ 5, 5, 5, 5 ],
			"toe": [ 38, 38, 20, 20 ],
			"staticCamber": [ -4.1102595329284668, -4.1047806739807129, -3.9903347492218018, -3.9838504791259766 ],
			"toeOutLinear": [ 0.0015858140541240573, 0.0015857561957091093, 0.00042762060184031725, 0.00042756617767736316 ],
			"casterLF": 11,
			"casterRF": 11,
			"steerRatio": 2
		},
		"electronics":
		{
			"tC1": 4,
			"tC2": 6,
			"abs": 4,
			"eCUMap": 0,
			"fuelMix": 0,
			"telemetryLaps": 0
		},
		"strategy":
		{
			"fuel": 123,
			"nPitStops": 0,
			"tyreSet": 0,
			"frontBrakePadCompound": 0,
			"rearBrakePadCompound": 0,
			"pitStrategy": [
				{
					"fuelToAdd": 0,
					"tyres":
					{
						"tyreCompound": 0,
						"tyrePressure": [ 57, 67, 56, 63 ]
					},
					"tyreSet": 2,
					"frontBrakePadCompound": 1,
					"rearBrakePadCompound": 1
				}
			],
			"fuelPerLap": 2.5448646545410156
		}
	},
	"advancedSetup":
	{
		"mechanicalBalance":
		{
			"aRBFront": 6,
			"aRBRear": 3,
			"wheelRate": [ 4, 4, 2, 2 ],
			"bumpStopRateUp": [ 5, 5, 2, 2 ],
			"bumpStopRateDn": [ 0, 0, 10, 10 ],
			"bumpStopWindow": [ 1, 1, 50, 50 ],
			"brakeTorque": 20,
			"brakeBias": 45
		},
		"dampers":
		{
			"bumpSlow": [ 27, 27, 22, 22 ],
			"bumpFast": [ 37, 37, 18, 18 ],
			"reboundSlow": [ 9, 9, 30, 30 ],
			"reboundFast": [ 19, 19, 20, 20 ]
		},
		"aeroBalance":
		{
			"rideHeight": [ 2, 6, 12, 18 ],
			"rodLength": [ 58.477272033691406, 58.477272033691406, 46.334236145019531, 46.334236145019531 ],
			"splitter": 0,
			"rearWing": 6,
			"brakeDuct": [ 3, 2 ]
		},
		"drivetrain":
		{
			"preload": 4
		}
	},
	"trackBopType": 28
}